{
  "runs": [
    {
      "method": "step4",
      "seed": 7,
      "selection_split": "train_full",
      "train_seconds": 2072.4309129714966,
      "train_episodes_budget": 3000,
      "eval_freq": 200,
      "train_starts": 268,
      "val_starts": 0,
      "test_starts": 85,
      "validation_days": 0,
      "run_id": "20260506_101033",
      "run_dir": "/Users/yiannis/Library/CloudStorage/OneDrive-CUNY/Columbia/Advanced Reinforcement Learning/RL-Project/outputs/paper_seed_sweep_20260506_5seeds/step4/seed_0007/runs/20260506_101033",
      "training_log_path": "/Users/yiannis/Library/CloudStorage/OneDrive-CUNY/Columbia/Advanced Reinforcement Learning/RL-Project/outputs/paper_seed_sweep_20260506_5seeds/step4/seed_0007/runs/20260506_101033/training_log.npy",
      "selected_checkpoint_prefix": "/Users/yiannis/Library/CloudStorage/OneDrive-CUNY/Columbia/Advanced Reinforcement Learning/RL-Project/outputs/paper_seed_sweep_20260506_5seeds/step4/seed_0007/runs/20260506_101033/checkpoints/ep2600/agent",
      "selected_eval": {
        "episode": 2600,
        "eval_mean": 14.831979584737427,
        "eval_std": 7.624080497198525,
        "eval_min": 3.537347773209564,
        "eval_max": 39.04223393479691,
        "n_eval": 268,
        "soc_end_mean": 58.4436013370069,
        "soc_min_mean": 53.1793629698922,
        "revenue_mean": 3667.9752947930074,
        "deg_cost_mean": 2184.7773363192637,
        "profit_mean": 1483.197958473743,
        "frac_discharge": 0.1013459488272921,
        "frac_charge": 0.02607498223169865,
        "frac_idle": 0.8725790689410092,
        "ptdf_violation_rate": 0.0,
        "clip_rate_mean": 0.44491826581378824
      },
      "selection_meta": {
        "rule": "ma3",
        "window_mean": 14.827621842525978,
        "window_episodes": [
          2400,
          2600,
          2800
        ]
      },
      "final_test": {
        "eval_mean": 17.9766329970408,
        "eval_std": 7.071397796604022,
        "eval_min": 3.666909960566292,
        "eval_max": 32.75889880457472,
        "n_eval": 85,
        "soc_end_mean": 66.3866514719319,
        "soc_min_mean": 58.25859402863729,
        "revenue_mean": 3954.082078827564,
        "deg_cost_mean": 2156.418779123484,
        "profit_mean": 1797.6632997040804,
        "frac_discharge": 0.09285714285714286,
        "frac_charge": 0.03214285714285714,
        "frac_idle": 0.875,
        "ptdf_violation_rate": 0.0,
        "clip_rate_mean": 0.31232492997198885
      },
      "oracle_val": {},
      "oracle_test": {
        "oracle_eval_mean": 22.50392457391306,
        "oracle_eval_std": 8.361519093182505,
        "oracle_profit_mean": 2250.392457391306,
        "n_eval": 85
      },
      "hp": {
        "gamma": 0.99,
        "tau": 0.005,
        "lr": 0.0001,
        "alpha_lr": 3e-05,
        "hidden_dim": 256,
        "hidden_layers": 2,
        "target_entropy_scale": -1,
        "buffer_size": 300000,
        "batch_size": 256,
        "min_buffer_fill": 12000,
        "lp_warmstart_steps": 15000,
        "lp_warmstart_priority_scale": 0.3,
        "lp_bc_steps": 3000,
        "lp_bc_active_threshold": 0.02,
        "lp_bc_active_frac": 0.05,
        "action_scale_floor": 0.0,
        "randomize_train_soc": true,
        "proj_lambda": 0.0,
        "n_step": 4,
        "init_alpha": 0.005,
        "alpha_min": 0.005,
        "alpha_max": 0.1,
        "utd_ratio_denominator": 4,
        "train_episodes": 3000,
        "eval_freq": 200,
        "early_stop_patience": 1000000000,
        "early_stop_min_delta": 0.001,
        "early_stop_max_degradation": 0.5,
        "early_stop_degrade_patience": 4,
        "per_alpha": 0.6,
        "terminal_soc_weight": 1.0,
        "validation_days": 30,
        "seed": 7
      }
    },
    {
      "method": "step4",
      "seed": 13,
      "selection_split": "train_full",
      "train_seconds": 2164.6480939388275,
      "train_episodes_budget": 3000,
      "eval_freq": 200,
      "train_starts": 268,
      "val_starts": 0,
      "test_starts": 85,
      "validation_days": 0,
      "run_id": "20260506_104505",
      "run_dir": "/Users/yiannis/Library/CloudStorage/OneDrive-CUNY/Columbia/Advanced Reinforcement Learning/RL-Project/outputs/paper_seed_sweep_20260506_5seeds/step4/seed_0013/runs/20260506_104505",
      "training_log_path": "/Users/yiannis/Library/CloudStorage/OneDrive-CUNY/Columbia/Advanced Reinforcement Learning/RL-Project/outputs/paper_seed_sweep_20260506_5seeds/step4/seed_0013/runs/20260506_104505/training_log.npy",
      "selected_checkpoint_prefix": "/Users/yiannis/Library/CloudStorage/OneDrive-CUNY/Columbia/Advanced Reinforcement Learning/RL-Project/outputs/paper_seed_sweep_20260506_5seeds/step4/seed_0013/runs/20260506_104505/checkpoints/ep2800/agent",
      "selected_eval": {
        "episode": 2800,
        "eval_mean": 15.060816022077505,
        "eval_std": 8.116617821841627,
        "eval_min": 2.7570163137539954,
        "eval_max": 39.70998379183851,
        "n_eval": 268,
        "soc_end_mean": 58.351286316485464,
        "soc_min_mean": 52.562756318111006,
        "revenue_mean": 3913.9168474350436,
        "deg_cost_mean": 2407.8352452272925,
        "profit_mean": 1506.0816022077506,
        "frac_discharge": 0.11707089552238806,
        "frac_charge": 0.02794065387348969,
        "frac_idle": 0.8549884506041222,
        "ptdf_violation_rate": 0.0,
        "clip_rate_mean": 0.41713308457711445
      },
      "selection_meta": {
        "rule": "ma3",
        "window_mean": 15.10147719819172,
        "window_episodes": [
          2600,
          2800,
          3000
        ]
      },
      "final_test": {
        "eval_mean": 17.517918670144674,
        "eval_std": 7.164281394714248,
        "eval_min": 2.345433228525837,
        "eval_max": 31.43316742330604,
        "n_eval": 85,
        "soc_end_mean": 65.56672930742553,
        "soc_min_mean": 55.340872359078595,
        "revenue_mean": 4073.387475270181,
        "deg_cost_mean": 2321.5956082557145,
        "profit_mean": 1751.7918670144672,
        "frac_discharge": 0.10560224089635854,
        "frac_charge": 0.03501400560224089,
        "frac_idle": 0.8593837535014007,
        "ptdf_violation_rate": 0.0,
        "clip_rate_mean": 0.30273109243697477
      },
      "oracle_val": {},
      "oracle_test": {
        "oracle_eval_mean": 22.50392457391306,
        "oracle_eval_std": 8.361519093182505,
        "oracle_profit_mean": 2250.392457391306,
        "n_eval": 85
      },
      "hp": {
        "gamma": 0.99,
        "tau": 0.005,
        "lr": 0.0001,
        "alpha_lr": 3e-05,
        "hidden_dim": 256,
        "hidden_layers": 2,
        "target_entropy_scale": -1,
        "buffer_size": 300000,
        "batch_size": 256,
        "min_buffer_fill": 12000,
        "lp_warmstart_steps": 15000,
        "lp_warmstart_priority_scale": 0.3,
        "lp_bc_steps": 3000,
        "lp_bc_active_threshold": 0.02,
        "lp_bc_active_frac": 0.05,
        "action_scale_floor": 0.0,
        "randomize_train_soc": true,
        "proj_lambda": 0.0,
        "n_step": 4,
        "init_alpha": 0.005,
        "alpha_min": 0.005,
        "alpha_max": 0.1,
        "utd_ratio_denominator": 4,
        "train_episodes": 3000,
        "eval_freq": 200,
        "early_stop_patience": 1000000000,
        "early_stop_min_delta": 0.001,
        "early_stop_max_degradation": 0.5,
        "early_stop_degrade_patience": 4,
        "per_alpha": 0.6,
        "terminal_soc_weight": 1.0,
        "validation_days": 30,
        "seed": 13
      }
    },
    {
      "method": "step4",
      "seed": 29,
      "selection_split": "train_full",
      "train_seconds": 2194.968868970871,
      "train_episodes_budget": 3000,
      "eval_freq": 200,
      "train_starts": 268,
      "val_starts": 0,
      "test_starts": 85,
      "validation_days": 0,
      "run_id": "20260506_112112",